bus,route,seen,delay_min,lat,lon
H995,002,07:22,0.1,35.62717056274414,139.77940368652344
H994,002,07:19,-0.1,35.617401123046875,139.7788848876953
D921,002,07:21,3.8,35.60095977783203,139.79762268066406
L186,002,07:20,2.8,35.6204833984375,139.77719116210938
D330,006,07:22,0.4,35.65880584716797,139.70237731933594
F557,006,07:22,1.2,35.65899658203125,139.71383666992188
B787,006,07:22,1.2,35.66292953491211,139.73123168945312
E379,006,07:22,0.4,35.67042922973633,139.747802734375
D327,006,07:21,1.0,35.66865158081055,139.75418090820312
F554,006,07:21,0.1,35.670135498046875,139.74227905273438
D318,006,07:22,0.0,35.66069030761719,139.72703552246094
K264,018,07:22,0.5,35.67308807373047,139.79356384277344
E524,018,07:22,4.5,35.65776443481445,139.80160522460938
D337,018,07:22,2.1,35.64546203613281,139.8013153076172
L187,018,07:21,2.5,35.6351432800293,139.7853240966797
L185,018,07:21,2.7,35.617549896240234,139.77638244628906
H996,018,07:22,1.5,35.617164611816406,139.77633666992188
G788,018,07:22,1.4,35.636131286621094,139.78665161132812
L183,018,07:21,1.5,35.64679718017578,139.8015899658203
E522,018,07:22,0.4,35.65986251831055,139.8006591796875
B727,018,07:21,1.6,35.66954803466797,139.79141235351562
K182,018,07:22,0.1,35.66504669189453,139.7963104248047
M188,018,07:21,0.1,35.629581451416016,139.7779083251953
W411,018,07:22,0.0,35.64283752441406,139.79684448242188
C277,018,07:19,1.4,35.652374267578125,139.79840087890625
E135,018,07:21,1.9,35.66163635253906,139.79940795898438
L308,010,07:22,0.1,35.690269470214844,139.6914520263672
F625,003,07:22,0.1,35.66688537597656,139.7584991455078
K215,003,07:21,0.2,35.65868377685547,139.7785186767578
L301,003,07:22,2.5,35.6649284362793,139.7720489501953
M390,020,07:20,0.2,35.73094940185547,139.72915649414062
G801,020,07:20,3.3,35.724178314208984,139.73081970214844
C217,020,07:21,2.9,35.710853576660156,139.74586486816406
V350,020,07:19,2.7,35.708580017089844,139.75247192382812
E535,020,07:22,4.4,35.70841598510742,139.76829528808594
B737,020,07:22,0.1,35.7063102722168,139.78964233398438
G800,020,07:19,0.5,35.70284652709961,139.7970428466797
E536,020,07:20,0.5,35.6993293762207,139.81494140625
E533,020,07:21,0.1,35.697303771972656,139.81369018554688
M395,020,07:22,2.4,35.700927734375,139.8111572265625
F631,020,07:21,1.6,35.70021057128906,139.7982635498047
H888,020,07:21,0.8,35.706077575683594,139.79025268554688
D302,020,07:20,1.5,35.70718002319336,139.7795867919922
C228,020,07:22,1.3,35.70720672607422,139.75677490234375
K239,020,07:21,1.2,35.724178314208984,139.73081970214844
C224,020,07:17,1.4,35.70284652709961,139.7970428466797
H862,023,07:22,4.1,35.67056655883789,139.76568603515625
A582,023,07:22,3.3,35.68427658081055,139.73995971679688
A611,021,07:22,3.5,35.71873092651367,139.735595703125
L324,021,07:21,0.5,35.716331481933594,139.7387237548828
B716,026,07:22,1.3,35.65811538696289,139.7757110595703
K281,026,07:22,2.0,35.6668586730957,139.7700958251953
H860,026,07:21,3.9,35.67558288574219,139.76254272460938
D339,026,07:21,2.8,35.677467346191406,139.7633514404297
K280,026,07:19,0.9,35.66698455810547,139.77035522460938
W474,024,07:20,0.2,35.65918731689453,139.7018280029297
D331,024,07:20,1.1,35.658470153808594,139.7073974609375
W475,024,07:21,-0.5,35.655216217041016,139.71327209472656
E530,024,07:20,1.6,35.65515899658203,139.71397399902344
F553,024,07:21,1.0,35.65807342529297,139.70751953125
G825,031,07:21,0.6,35.65395736694336,139.70822143554688
E531,031,07:22,1.3,35.64995574951172,139.736572265625
E382,031,07:20,1.2,35.65747833251953,139.75460815429688
L314,031,07:20,0.8,35.66084289550781,139.75584411621094
E384,031,07:22,0.0,35.65456008911133,139.73716735839844
G823,031,07:22,0.1,35.64855194091797,139.71209716796875
K220,031,07:22,1.5,35.647891998291016,139.7223663330078
H865,031,07:18,0.9,35.655494689941406,139.74114990234375
K217,031,07:21,2.6,35.647193908691406,139.731201171875
W436,036,07:22,3.4,35.6733512878418,139.82662963867188
F618,036,07:22,7.3,35.67108154296875,139.8261260986328
H967,036,07:20,7.2,35.669647216796875,139.82151794433594
B754,036,07:21,8.2,35.66924285888672,139.81161499023438
W439,036,07:21,11.1,35.66941833496094,139.80343627929688
W434,036,07:21,-0.1,35.67124938964844,139.79779052734375
L351,036,07:21,2.2,35.66956329345703,139.80508422851562
A652,036,07:21,1.2,35.669891357421875,139.82147216796875
D358,036,07:19,3.8,35.672725677490234,139.8262939453125
W432,036,07:22,8.1,35.67898941040039,139.8273162841797
E500,036,07:20,5.6,35.69255828857422,139.82595825195312
E501,036,07:22,9.5,35.6956901550293,139.81753540039062
V331,032,07:22,0.1,35.65309524536133,139.7134246826172
W451,032,07:22,1.1,35.65515899658203,139.71397399902344
G832,032,07:20,2.0,35.648643493652344,139.71096801757812
G765,038,07:22,0.2,35.7286491394043,139.77149963378906
C283,038,07:22,3.0,35.7254638671875,139.78607177734375
C282,038,07:20,2.0,35.717750549316406,139.7928466796875
L337,038,07:19,2.4,35.71238327026367,139.79791259765625
E439,038,07:22,0.0,35.6993293762207,139.81494140625
W465,038,07:22,0.0,35.697296142578125,139.81349182128906
G736,038,07:21,0.9,35.70835494995117,139.81370544433594
B796,038,07:19,0.9,35.70881652832031,139.80142211914062
A632,038,07:22,0.0,35.72032928466797,139.79159545898438
M428,038,07:21,1.6,35.728065490722656,139.78245544433594
M430,038,07:22,0.1,35.72502136230469,139.7864990234375
E118,040,07:21,1.3,35.670989990234375,139.7614288330078
E540,040,07:21,1.2,35.65971374511719,139.7780303955078
E528,040,07:22,8.5,35.65867614746094,139.7927703857422
E465,040,07:22,9.1,35.667518615722656,139.80511474609375
E466,040,07:22,1.5,35.69771194458008,139.8053436279297
E505,040,07:20,1.6,35.68313217163086,139.8065948486328
F586,040,07:22,4.0,35.66350555419922,139.80557250976562
E539,040,07:19,6.3,35.65563201904297,139.79840087890625
G702,040,07:21,2.9,35.67290496826172,139.80661010742188
C287,040,07:19,4.0,35.6592903137207,139.80589294433594
E504,040,07:21,3.5,35.66008758544922,139.7816162109375
C290,040,07:19,1.9,35.68722915649414,139.80604553222656
D309,044,07:20,1.4,35.68511962890625,139.7874755859375
E510,044,07:20,0.1,35.69808578491211,139.82470703125
G794,044,07:22,2.0,35.68247604370117,139.78086853027344
C270,041,07:21,2.9,35.6649284362793,139.7720489501953
G710,041,07:21,0.1,35.64313507080078,139.80259704589844
D112,041,07:22,6.0,35.6595458984375,139.8057403564453
Z506,045,07:21,1.7,35.6584358215332,139.82412719726562
V311,045,07:20,2.4,35.64173126220703,139.82391357421875
B751,045,07:21,1.9,35.644309997558594,139.83570861816406
Z507,045,07:21,1.7,35.669891357421875,139.82147216796875
W403,045,07:16,1.5,35.64982986450195,139.8251953125
X281,045,07:21,2.5,35.6365966796875,139.83682250976562
F141,045,07:22,6.5,35.65859603881836,139.8238525390625
W408,045,07:21,9.7,35.669647216796875,139.82151794433594
K261,049,07:22,0.1,35.64313507080078,139.80259704589844
K259,049,07:22,3.1,35.65877914428711,139.79074096679688
G709,049,07:22,4.4,35.674495697021484,139.78196716308594
B752,049,07:20,0.0,35.67475891113281,139.78109741210938
B782,049,07:22,5.0,35.659122467041016,139.7906494140625
B779,049,07:22,8.2,35.645320892333984,139.79981994628906
G701,046,07:21,4.7,35.67793273925781,139.81199645996094
G712,046,07:21,5.4,35.658843994140625,139.80828857421875
W406,046,07:22,1.2,35.640926361083984,139.80445861816406
Y480,046,07:13,6.0,35.66158676147461,139.80613708496094
Y481,046,07:21,1.4,35.663265228271484,139.80845642089844
G707,046,07:21,2.6,35.68815612792969,139.81085205078125
W462,046,07:22,4.2,35.67218017578125,139.81138610839844
G700,046,07:21,0.3,35.695892333984375,139.8145294189453
W405,046,07:21,2.5,35.66392517089844,139.8115234375
Y476,046,07:22,6.3,35.6563720703125,139.79446411132812
Y478,046,07:22,1.1,35.650936126708984,139.77503967285156
F143,046,07:20,0.9,35.6560173034668,139.79844665527344
Y483,046,07:22,7.2,35.68927764892578,139.8106231689453
A655,051,07:21,1.6,35.6956901550293,139.82594299316406
G790,051,07:22,3.4,35.68743133544922,139.8266143798828
G798,051,07:22,4.4,35.676605224609375,139.8271484375
D308,051,07:21,5.7,35.6627311706543,139.82383728027344
B758,051,07:21,6.1,35.64982986450195,139.8251953125
X273,052,07:22,5.2,35.64691162109375,139.81222534179688
X274,052,07:20,4.3,35.6576042175293,139.79322814941406
G704,052,07:22,2.1,35.66872024536133,139.79185485839844
K180,052,07:22,2.4,35.64204788208008,139.8124542236328
F652,050,07:20,2.8,35.679840087890625,139.76832580566406
M454,050,07:22,2.5,35.667457580566406,139.78604125976562
L359,050,07:20,3.7,35.65687942504883,139.79452514648438
G703,050,07:22,0.5,35.65877914428711,139.79074096679688
F650,050,07:21,0.7,35.674495697021484,139.78196716308594
F655,050,07:21,1.6,35.639442443847656,139.7928009033203
M453,050,07:22,2.2,35.652374267578125,139.79840087890625
M452,050,07:21,0.8,35.66534423828125,139.78587341308594
E502,056,07:21,0.1,35.66411590576172,139.8591766357422
M471,056,07:21,-0.2,35.649200439453125,139.86927795410156
K290,056,07:21,0.5,35.64945602416992,139.8691864013672
E131,056,07:20,1.0,35.656497955322266,139.86422729492188
E137,058,07:20,0.6,35.672725677490234,139.8262939453125
H990,058,07:20,5.9,35.6697883605957,139.84107971191406
M194,058,07:21,6.9,35.69205856323242,139.83494567871094
M190,058,07:21,1.0,35.69564437866211,139.83425903320312
F639,058,07:20,1.4,35.67679214477539,139.83407592773438
C278,058,07:20,3.6,35.67293930053711,139.8285369873047
F660,057,07:19,3.9,35.66421890258789,139.8592071533203
F157,057,07:21,0.4,35.64396667480469,139.8622283935547
H978,057,07:22,3.4,35.65727233886719,139.86105346679688
Z525,059,07:19,-0.0,35.690101623535156,139.8459014892578
D322,059,07:20,1.1,35.67403793334961,139.8296661376953
F672,059,07:21,1.4,35.675453186035156,139.84091186523438
W400,061,07:21,1.2,35.659423828125,139.87977600097656
K288,061,07:22,2.2,35.649932861328125,139.88002014160156
F159,061,07:21,0.2,35.643375396728516,139.87208557128906
Z553,061,07:22,0.0,35.64374923706055,139.87281799316406
E506,061,07:21,0.1,35.648841857910156,139.879638671875
F160,061,07:21,1.0,35.65963363647461,139.8763885498047
E481,060,07:22,0.2,35.66413497924805,139.8590545654297
F153,060,07:20,2.2,35.66606521606445,139.85595703125
C264,060,07:22,1.5,35.674110412597656,139.8531494140625
G725,060,07:21,1.7,35.682430267333984,139.86285400390625
H977,060,07:22,3.4,35.68341064453125,139.86428833007812
D114,060,07:21,7.2,35.6852912902832,139.8643798828125
B772,060,07:21,8.7,35.69304656982422,139.8675994873047
G728,060,07:19,0.6,35.714908599853516,139.8614501953125
E124,060,07:18,0.0,35.71664047241211,139.8583526611328
E130,060,07:18,0.2,35.71017074584961,139.86607360839844
K283,060,07:21,1.8,35.69944381713867,139.867919921875
G732,060,07:19,2.8,35.68928146362305,139.86669921875
M468,060,07:21,3.5,35.679378509521484,139.85696411132812
Y494,060,07:21,1.5,35.66600799560547,139.85617065429688
F645,062,07:19,-0.1,35.728755950927734,139.7774658203125
W431,062,07:22,1.3,35.7332763671875,139.78724670410156
E440,062,07:20,0.7,35.728885650634766,139.8033905029297
G768,062,07:17,1.6,35.71379852294922,139.8267822265625
B793,062,07:22,0.0,35.70579528808594,139.8261260986328
E444,062,07:21,1.1,35.7209358215332,139.81964111328125
E441,062,07:21,1.4,35.728660583496094,139.79454040527344
K266,062,07:21,3.9,35.721641540527344,139.81924438476562
C259,063,07:21,3.0,35.69438552856445,139.8153076171875
H966,063,07:20,3.0,35.68582534790039,139.8160858154297
F621,063,07:21,3.0,35.67741394042969,139.81607055664062
M464,063,07:21,3.1,35.6746826171875,139.81619262695312
H965,063,07:21,2.9,35.6716423034668,139.81622314453125
G795,063,07:20,1.3,35.6865348815918,139.81582641601562
A651,063,07:22,4.2,35.68967819213867,139.81553649902344
H970,063,07:20,3.0,35.6919059753418,139.8155517578125
B759,063,07:22,6.1,35.67244338989258,139.81639099121094
K275,063,07:17,9.7,35.66924285888672,139.81161499023438
F616,063,07:18,12.0,35.67533874511719,139.78939819335938
L347,063,07:20,1.6,35.682228088378906,139.76502990722656
H969,063,07:18,12.4,35.68412780761719,139.76927185058594
C258,063,07:22,8.3,35.669639587402344,139.81544494628906
G792,063,07:22,15.1,35.683387756347656,139.81600952148438
A661,066,07:20,4.8,35.680877685546875,139.88705444335938
Z543,068,07:22,1.1,35.671409606933594,139.8754425048828
L362,068,07:22,4.2,35.67490005493164,139.8787384033203
G731,068,07:21,3.2,35.68259048461914,139.8885955810547
E132,068,07:22,2.5,35.69190979003906,139.87655639648438
Y493,068,07:22,3.5,35.70188522338867,139.8678741455078
G727,068,07:22,3.0,35.71272277832031,139.8638458251953
B717,068,07:21,1.5,35.706993103027344,139.8678741455078
F659,068,07:21,2.3,35.69500732421875,139.87255859375
W397,068,07:15,-0.1,35.68596649169922,139.88357543945312
E452,070,07:22,0.5,35.71664810180664,139.8379364013672
B755,070,07:21,0.5,35.71107864379883,139.8209991455078
L340,070,07:22,0.1,35.7103385925293,139.7875213623047
E446,070,07:19,0.1,35.7105598449707,139.78744506835938
E447,070,07:21,3.8,35.71873092651367,139.82981872558594
A654,072,07:21,2.9,35.6956901550293,139.82594299316406
G796,072,07:20,2.6,35.68385314941406,139.8292694091797
G717,073,07:21,5.4,35.69584274291992,139.87130737304688
F671,073,07:22,1.0,35.70231628417969,139.86802673339844
G718,073,06:57,1.3,35.69500732421875,139.87255859375
G737,074,07:21,0.9,35.69804000854492,139.82550048828125
W461,074,07:22,0.3,35.70370864868164,139.79754638671875
D919,076,07:19,4.3,35.684078216552734,139.8640594482422
H971,076,07:19,3.4,35.66318130493164,139.87327575683594
H979,076,07:21,0.1,35.65480422973633,139.872314453125
A646,076,07:21,6.2,35.67334747314453,139.8641357421875
H976,075,07:22,4.1,35.681888580322266,139.8444366455078
L365,075,07:21,0.1,35.68920135498047,139.8291015625
H973,075,07:21,0.9,35.698028564453125,139.82577514648438
G724,075,07:21,0.2,35.69055938720703,139.8426055908203
K289,078,07:21,2.7,35.666866302490234,139.87313842773438
Y495,078,07:21,3.6,35.67062759399414,139.87197875976562
D352,078,07:20,1.9,35.68024444580078,139.86477661132812
H980,078,07:20,1.6,35.6852912902832,139.8643798828125
C265,078,07:21,1.9,35.6953010559082,139.86769104003906
G723,078,07:19,1.6,35.70188522338867,139.8678741455078
E486,078,07:18,1.0,35.70210266113281,139.86383056640625
E483,078,07:22,2.3,35.69716262817383,139.83926391601562
K282,078,07:21,5.0,35.696842193603516,139.83233642578125
C262,078,07:21,0.1,35.69724655151367,139.83575439453125
M469,078,07:21,0.6,35.70262908935547,139.86489868164062
H975,078,07:21,0.2,35.68928146362305,139.86669921875
G722,078,07:21,6.5,35.67900085449219,139.8668975830078
E448,079,07:20,1.2,35.701236724853516,139.8174285888672
B766,080,07:22,15.3,35.66732406616211,139.86004638671875
C273,081,07:18,4.7,35.663143157958984,139.87269592285156
M438,081,07:19,4.7,35.67036056518555,139.85507202148438
E460,081,07:21,6.6,35.676029205322266,139.83470153808594
E464,081,07:21,3.1,35.68218994140625,139.80294799804688
D338,082,07:22,0.4,35.6861572265625,139.88400268554688
C276,082,07:19,2.2,35.70188522338867,139.8678741455078
F670,082,07:20,0.4,35.69944381713867,139.867919921875
G720,085,07:19,0.1,35.66444778442383,139.85911560058594
B775,085,07:22,1.4,35.65370178222656,139.85403442382812
C263,085,07:21,3.3,35.65348434448242,139.85400390625
W395,083,07:20,0.7,35.732513427734375,139.88197326660156
V341,083,07:14,0.8,35.711021423339844,139.8699188232422
E508,083,07:20,6.1,35.6956901550293,139.81753540039062
G730,083,07:22,0.3,35.69436264038086,139.79306030273438
C266,083,07:22,2.4,35.697776794433594,139.8441619873047
A659,086,07:22,0.1,35.689414978027344,139.84902954101562
X291,086,07:20,1.9,35.70553970336914,139.83889770507812
L353,087,07:20,3.7,35.67898941040039,139.8273162841797
B769,087,07:21,14.8,35.69000244140625,139.82618713378906
X293,088,07:21,4.5,35.702239990234375,139.8876190185547
Z518,089,07:21,0.0,35.69007110595703,139.8455810546875
A653,089,07:22,1.2,35.68399429321289,139.83226013183594
Z519,089,07:20,1.6,35.68901062011719,139.81857299804688
B760,089,07:20,1.1,35.6919059753418,139.8155517578125
D323,089,07:21,0.0,35.68415451049805,139.83282470703125
G716,091,07:22,0.2,35.66325378417969,139.87271118164062
Z527,091,07:21,0.3,35.68599319458008,139.88211059570312
E455,091,07:22,3.4,35.70270919799805,139.8734588623047
G719,091,07:21,2.2,35.718894958496094,139.86842346191406
Z524,091,07:21,4.8,35.722957611083984,139.86207580566406
A636,091,07:21,0.6,35.723445892333984,139.86312866210938
M439,091,07:22,2.4,35.71793746948242,139.8701171875
Z528,091,07:22,1.5,35.69657897949219,139.8712921142578
F669,091,07:22,3.2,35.67586898803711,139.87826538085938
M465,093,07:21,1.5,35.70225143432617,139.8253173828125
B763,093,07:21,1.1,35.70872497558594,139.80909729003906
E491,093,07:18,0.3,35.70284652709961,139.7970428466797
E490,093,07:21,5.7,35.680320739746094,139.7991180419922
D364,093,07:22,6.3,35.65876770019531,139.77708435058594
Z523,093,07:21,0.9,35.6561164855957,139.77273559570312
M462,093,07:22,1.4,35.68093490600586,139.79881286621094
M461,093,07:21,1.0,35.7086296081543,139.802978515625
D326,094,07:22,5.5,35.73612976074219,139.8350067138672
E453,094,07:21,6.7,35.724037170410156,139.830322265625
B757,094,07:21,4.4,35.71067428588867,139.81353759765625
K270,094,07:21,6.0,35.6992301940918,139.81475830078125
C251,094,07:21,1.0,35.72545623779297,139.82864379882812
A641,092,07:21,1.1,35.647029876708984,139.874755859375
L366,092,07:21,0.3,35.66057205200195,139.8699951171875
B774,092,07:15,4.2,35.66798782348633,139.86065673828125
C267,092,07:22,6.0,35.676029205322266,139.83470153808594
K286,092,07:21,3.2,35.66417694091797,139.8589324951172
Z552,092,07:20,1.8,35.66442108154297,139.85877990722656
E126,092,07:21,7.4,35.695926666259766,139.82569885253906
C272,092,07:20,1.2,35.68743133544922,139.8266143798828
Z551,092,07:19,9.8,35.6795539855957,139.82757568359375
B756,096,07:21,2.3,35.76637268066406,139.87045288085938
H962,096,07:22,1.1,35.75237274169922,139.85025024414062
Z510,096,07:19,7.1,35.74045181274414,139.84002685546875
F677,096,07:21,6.5,35.711158752441406,139.793212890625
D325,096,07:20,3.5,35.73683166503906,139.83546447753906
A622,097,07:18,0.4,35.759849548339844,139.75294494628906
C238,098,07:21,2.2,35.76516342163086,139.7358856201172
K267,098,07:22,0.1,35.75434112548828,139.7388153076172
C241,098,07:21,7.0,35.77818298339844,139.78330993652344
K250,099,07:22,0.5,35.73747634887695,139.72100830078125
E425,099,07:21,0.1,35.748111724853516,139.73312377929688
M404,099,07:21,1.9,35.758968353271484,139.74447631835938
L329,099,07:18,0.1,35.7620964050293,139.7562255859375
C243,099,07:20,2.6,35.777259826660156,139.77708435058594
C236,099,07:20,0.1,35.7762451171875,139.79014587402344
M409,099,07:21,0.5,35.77790069580078,139.78057861328125
F606,099,07:21,0.3,35.77486038208008,139.77328491210938
G754,099,07:22,0.0,35.768802642822266,139.76321411132812
M412,099,07:15,1.4,35.767826080322266,139.76231384277344
M406,099,07:20,2.0,35.767826080322266,139.76231384277344
C244,099,07:20,1.6,35.76348114013672,139.75296020507812
F599,099,07:21,1.2,35.757362365722656,139.74310302734375
F604,099,07:19,2.0,35.75370407104492,139.73858642578125
E424,099,07:22,1.5,35.7418098449707,139.72610473632812
F602,099,07:19,2.0,35.73631286621094,139.7200164794922
M403,100,07:21,2.9,35.772708892822266,139.74200439453125
F610,100,07:19,0.8,35.7725830078125,139.7423095703125
F598,100,07:22,3.2,35.76275634765625,139.7368927001953
G767,102,07:20,2.6,35.70578384399414,139.79403686523438
F644,102,07:22,1.6,35.70310974121094,139.79058837890625
B745,101,07:22,0.0,35.76933288574219,139.79563903808594
B746,101,07:14,0.8,35.76185989379883,139.7916717529297
B750,101,07:21,2.1,35.742366790771484,139.7803497314453
Z563,101,07:20,3.0,35.71757125854492,139.79183959960938
L335,101,07:21,0.1,35.71997833251953,139.7831573486328
D346,101,07:21,4.8,35.747074127197266,139.7833251953125
D928,103,07:21,0.2,35.73130798339844,139.79843139648438
E430,105,07:22,4.5,35.76057815551758,139.75674438476562
M411,105,07:21,4.2,35.74094009399414,139.76075744628906
E427,105,07:20,3.8,35.70285415649414,139.76197814941406
L325,105,07:22,0.5,35.72072982788086,139.7557373046875
F596,105,07:16,0.9,35.767826080322266,139.76231384277344
B743,105,07:21,0.6,35.74495315551758,139.7633819580078
M413,105,07:21,0.1,35.73875427246094,139.76071166992188
G752,105,07:20,0.4,35.7620964050293,139.7562255859375
K251,105,07:22,0.1,35.752689361572266,139.76222229003906
E426,105,07:20,2.6,35.735294342041016,139.75933837890625
F592,106,07:22,0.2,35.775081634521484,139.80360412597656
D343,106,07:21,3.6,35.74738311767578,139.79898071289062
H959,106,07:21,5.2,35.70930480957031,139.79364013671875
B748,106,07:20,5.8,35.73261642456055,139.792724609375
M417,107,07:21,1.3,35.75022506713867,139.80453491210938
C230,107,07:21,3.0,35.75000762939453,139.7854766845703
F589,107,07:22,1.2,35.74306869506836,139.76914978027344
K248,107,07:19,3.4,35.738014221191406,139.76380920410156
H953,107,07:21,1.4,35.73174285888672,139.75814819335938
M415,107,07:22,3.2,35.748291015625,139.76951599121094
G811,107,07:20,3.0,35.75117492675781,139.7863006591797
G755,108,07:22,1.3,35.76197052001953,139.73704528808594
F607,108,07:21,2.5,35.758785247802734,139.76217651367188
L327,108,07:22,0.0,35.76236343383789,139.75828552246094
E537,109,07:22,1.1,35.73486328125,139.80166625976562
G769,109,07:21,0.3,35.73031234741211,139.80067443847656
E443,109,07:22,2.4,35.71412658691406,139.79258728027344
M429,109,07:21,4.5,35.71143341064453,139.77532958984375
H011,109,07:21,-0.1,35.70991134643555,139.79083251953125
M435,109,07:20,0.3,35.72600173950195,139.8004913330078
B795,109,07:21,4.9,35.73771667480469,139.80569458007812
H956,110,07:22,12.1,35.78239059448242,139.8031768798828
M414,110,07:17,0.7,35.75397491455078,139.8012237548828
F591,110,07:21,4.4,35.75400161743164,139.8008270263672
G812,110,07:20,0.9,35.785438537597656,139.8028106689453
F675,110,07:20,2.3,35.79287338256836,139.79481506347656
K244,110,07:20,1.6,35.79280471801758,139.8014373779297
H952,110,07:20,4.1,35.788604736328125,139.80294799804688
W426,116,07:20,0.9,35.766536712646484,139.80081176757812
D351,116,07:21,0.0,35.778099060058594,139.78688049316406
H957,116,07:19,1.1,35.77802276611328,139.77536010742188
W428,116,07:20,2.4,35.77840805053711,139.75357055664062
M418,116,07:22,4.0,35.758384704589844,139.7375946044922
D341,116,07:21,1.7,35.759605407714844,139.73739624023438
L334,116,07:19,4.3,35.7680549621582,139.73464965820312
D344,116,07:22,2.3,35.77655029296875,139.79754638671875
C234,116,07:20,1.6,35.778465270996094,139.7994384765625
H955,116,07:18,0.8,35.77305221557617,139.73971557617188
L333,116,07:21,2.5,35.778221130371094,139.77532958984375
E416,117,07:21,5.1,35.70510482788086,139.76116943359375
A612,117,07:21,8.0,35.727577209472656,139.75233459472656
M408,119,07:20,1.9,35.7822265625,139.72238159179688
F614,119,07:22,3.6,35.76275634765625,139.7368927001953
G757,119,07:20,2.9,35.757362365722656,139.74310302734375
B744,119,07:21,0.5,35.7680549621582,139.73464965820312
B740,119,07:21,3.5,35.777923583984375,139.73248291015625
E420,119,07:21,0.1,35.75410079956055,139.73858642578125
F608,119,07:21,1.9,35.761661529541016,139.7470703125
F612,119,07:22,1.1,35.76349639892578,139.74899291992188
C239,119,07:20,1.5,35.76226043701172,139.74777221679688
F574,120,07:20,0.5,35.711334228515625,139.7311553955078
H873,120,07:22,4.2,35.72084426879883,139.72889709472656
D304,120,07:22,1.1,35.73063278198242,139.74679565429688
Y490,120,07:22,0.3,35.73176956176758,139.75942993164062
K234,120,07:21,4.8,35.73176956176758,139.75942993164062
F570,120,07:22,9.1,35.730262756347656,139.76193237304688
D360,120,07:20,0.4,35.71220397949219,139.7686767578125
E520,120,07:22,0.2,35.707557678222656,139.77284240722656
M384,120,07:22,0.5,35.71498489379883,139.76744079589844
G746,120,07:22,0.1,35.72159957885742,139.76202392578125
A602,120,07:21,1.6,35.729522705078125,139.7625732421875
M388,120,07:21,0.1,35.73013687133789,139.74620056152344
Y489,120,07:20,1.5,35.72533416748047,139.74020385742188
K235,120,07:19,3.8,35.72025680541992,139.7278289794922
G753,118,07:22,2.3,35.764041900634766,139.7401580810547
H897,118,07:22,2.0,35.768611907958984,139.7496337890625
F611,118,07:22,1.4,35.755767822265625,139.7373809814453
E516,118,07:21,0.1,35.76920700073242,139.74765014648438
F605,118,07:21,1.8,35.732643127441406,139.71510314941406
E418,118,07:21,0.2,35.76388931274414,139.7412872314453
G758,118,07:20,0.0,35.74615478515625,139.73085021972656
V351,121,07:20,1.6,35.7114372253418,139.755126953125
L323,121,07:21,2.5,35.708580017089844,139.75247192382812
A627,122,07:22,5.1,35.72819137573242,139.68186950683594
A626,122,07:20,4.6,35.72273635864258,139.6904296875
A625,122,07:22,6.3,35.72258758544922,139.70217895507812
H950,122,07:21,0.9,35.73594665527344,139.6732177734375
E433,122,07:19,2.6,35.73313903808594,139.6763458251953
K256,122,07:19,1.4,35.724857330322266,139.68617248535156
M425,122,07:22,2.0,35.721988677978516,139.6979522705078
F580,122,07:22,2.1,35.716121673583984,139.72023010253906
L331,122,07:21,0.1,35.707244873046875,139.7281951904297
M421,122,07:21,2.1,35.70056915283203,139.7266082763672
C245,122,07:19,0.7,35.69135284423828,139.7105712890625
F584,122,07:20,2.2,35.69282150268555,139.70492553710938
M424,122,07:21,0.1,35.6984977722168,139.72579956054688
F578,122,07:21,0.7,35.711334228515625,139.7311553955078
M423,122,07:22,0.1,35.721649169921875,139.70654296875
F583,122,07:22,4.4,35.723026275634766,139.68360900878906
F682,125,07:20,0.3,35.71025848388672,139.69325256347656
H869,125,07:22,2.2,35.700435638427734,139.72039794921875
K230,125,07:21,3.3,35.68751525878906,139.73619079589844
D913,125,07:22,0.1,35.66709518432617,139.7584686279297
L311,125,07:21,2.2,35.690277099609375,139.73558044433594
D362,125,07:21,1.9,35.706199645996094,139.69424438476562
B735,126,07:20,0.6,35.732643127441406,139.71510314941406
G806,126,07:21,5.2,35.74189758300781,139.7259521484375
E532,126,07:21,2.4,35.72924041748047,139.74349975585938
G803,126,07:20,2.5,35.72489929199219,139.7591094970703
C226,126,07:20,1.8,35.73505783081055,139.77308654785156
F632,126,07:21,1.5,35.710941314697266,139.79519653320312
A615,126,07:20,0.1,35.724205017089844,139.7908935546875
C223,126,07:20,0.0,35.73573684692383,139.7808380126953
K238,126,07:21,2.7,35.72808074951172,139.76361083984375
H889,126,07:21,0.1,35.72930145263672,139.79127502441406
H891,126,07:21,1.9,35.74065017700195,139.73123168945312
G802,126,07:20,0.4,35.73631286621094,139.7200164794922
F630,126,07:21,0.5,35.73261642456055,139.73936462402344
A610,128,07:21,0.0,35.73910140991211,139.7228240966797
L321,128,07:22,0.2,35.75439453125,139.7436981201172
A619,128,07:21,1.6,35.737632751464844,139.77349853515625
B726,128,07:21,-0.1,35.71905517578125,139.79966735839844
K237,128,07:21,0.1,35.72159957885742,139.79945373535156
A609,128,07:21,2.5,35.73573684692383,139.7808380126953
Z512,128,07:22,0.1,35.74907684326172,139.75086975097656
H892,128,07:21,1.2,35.74615478515625,139.73085021972656
C222,129,07:22,1.1,35.728599548339844,139.6615753173828
F681,129,07:21,4.3,35.722808837890625,139.690185546875
L330,129,07:21,0.9,35.72083282470703,139.7127227783203
E434,129,07:21,2.0,35.723690032958984,139.6759796142578
E513,129,07:20,0.4,35.720882415771484,139.71290588378906
K255,129,07:21,2.3,35.723548889160156,139.67572021484375
C213,127,07:21,1.0,35.71228790283203,139.69932556152344
B720,127,07:21,3.0,35.7114143371582,139.7207794189453
G781,127,07:21,3.4,35.703495025634766,139.74493408203125
H871,127,07:22,0.1,35.6959114074707,139.75111389160156
W446,127,07:20,0.3,35.712032318115234,139.70730590820312
Z548,127,07:22,1.1,35.71147537231445,139.69650268554688
D911,131,07:21,0.8,35.70960998535156,139.7158203125
A592,131,07:22,4.5,35.70914077758789,139.73521423339844
G782,131,07:20,3.9,35.70754623413086,139.75970458984375
G813,131,07:20,3.4,35.70736312866211,139.76449584960938
A593,131,07:22,0.2,35.70883560180664,139.7354278564453
G783,130,07:21,0.1,35.691261291503906,139.65480041503906
A596,130,07:19,6.3,35.681034088134766,139.68580627441406
M382,130,07:21,2.1,35.68156433105469,139.68873596191406
E402,130,07:21,10.1,35.68692398071289,139.65570068359375
K231,130,07:21,3.8,35.67559051513672,139.6591796875
K228,133,07:20,1.0,35.69490432739258,139.7248992919922
B719,135,07:19,1.9,35.69282150268555,139.70492553710938
B718,135,07:22,2.4,35.69274139404297,139.70416259765625
L305,141,07:21,3.4,35.6445426940918,139.72161865234375
M370,141,07:21,0.8,35.65033721923828,139.72250366210938
M386,147,07:22,0.0,35.695465087890625,139.70713806152344
F575,147,07:22,1.5,35.691585540771484,139.7052001953125
D925,148,07:19,4.3,35.69539260864258,139.6893310546875
W458,148,07:22,4.0,35.74822998046875,139.6784210205078
B725,148,07:21,3.2,35.7680549621582,139.73464965820312
B724,148,07:21,3.3,35.756404876708984,139.69033813476562
M383,148,07:19,3.8,35.725730895996094,139.6539764404297
G784,148,07:22,4.1,35.69721221923828,139.6817169189453
Z529,148,07:21,2.3,35.72141647338867,139.65359497070312
E403,148,07:22,4.0,35.7686653137207,139.73101806640625
C207,149,07:20,2.3,35.70303726196289,139.72164916992188
E391,149,07:21,0.2,35.673561096191406,139.70513916015625
G816,149,07:20,2.0,35.694358825683594,139.7244415283203
W414,151,07:22,5.2,35.65435791015625,139.73680114746094
A572,151,07:21,1.6,35.652584075927734,139.72854614257812
E388,153,07:20,0.4,35.659358978271484,139.70205688476562
E378,153,07:21,0.1,35.65015411376953,139.71014404296875
B789,153,07:22,0.1,35.64569854736328,139.71617126464844
G822,153,07:21,2.5,35.64495086669922,139.72125244140625
K221,153,07:20,0.9,35.64310836791992,139.73367309570312
E381,153,07:20,0.0,35.64668655395508,139.74652099609375
F558,153,07:21,0.6,35.64316940307617,139.73341369628906
F555,153,07:22,0.1,35.645076751708984,139.7196502685547
E385,153,07:22,0.1,35.65265655517578,139.70880126953125
L312,154,07:21,0.1,35.65871810913086,139.70204162597656
G818,154,07:22,0.3,35.661258697509766,139.74337768554688
W450,154,07:22,0.6,35.66184997558594,139.7355194091797
M399,154,07:19,1.4,35.660858154296875,139.70738220214844
E518,152,07:20,0.0,35.71586990356445,139.71221923828125
Y488,152,07:21,2.5,35.68682861328125,139.7032470703125
D359,152,07:21,7.3,35.66001510620117,139.70083618164062
F170,157,07:21,2.9,35.62410354614258,139.7452850341797
V327,157,07:22,0.1,35.60923385620117,139.7496337890625
H854,157,07:20,1.2,35.60760498046875,139.7469940185547
Z535,157,07:22,1.3,35.597774505615234,139.75128173828125
V323,157,07:21,3.4,35.6164665222168,139.7476043701172
M381,158,07:19,4.9,35.69394302368164,139.69454956054688
D924,158,07:21,8.0,35.676239013671875,139.6586456298828
D922,158,07:19,3.0,35.69394302368164,139.69454956054688
F566,158,07:22,1.3,35.69736862182617,139.66934204101562
B723,158,07:19,2.7,35.67973709106445,139.65724182128906
H855,159,07:18,2.5,35.632511138916016,139.7454071044922
H856,160,07:22,1.1,35.60709762573242,139.7395477294922
B713,160,07:20,0.0,35.61029052734375,139.7431640625
G834,160,07:22,0.1,35.603126525878906,139.7535400390625
F169,160,07:21,0.9,35.60362243652344,139.7543182373047
K212,160,07:21,0.4,35.60642623901367,139.73826599121094
L300,160,07:21,0.6,35.60536193847656,139.75340270996094
V322,161,07:20,1.1,35.63528060913086,139.73292541503906
W423,161,07:22,1.3,35.61080551147461,139.74755859375
K214,161,07:20,-0.3,35.60415267944336,139.74594116210938
K213,161,07:22,2.6,35.61481475830078,139.74761962890625
F563,161,07:21,1.9,35.62113952636719,139.73934936523438
W417,161,07:21,3.0,35.636417388916016,139.72259521484375
C202,161,07:22,6.0,35.633270263671875,139.73252868652344
H858,163,07:21,1.8,35.643898010253906,139.74801635742188
M373,163,07:22,0.2,35.65480041503906,139.76174926757812
H177,166,07:21,2.0,35.63766098022461,139.7383575439453
H176,166,07:22,2.5,35.65199279785156,139.73678588867188
H868,169,07:22,2.5,35.681541442871094,139.7193145751953
Z532,169,07:19,3.9,35.69269943237305,139.70040893554688
D319,169,07:22,1.4,35.68870544433594,139.71046447753906
W459,169,07:22,3.2,35.687259674072266,139.7204132080078
A599,169,07:22,1.6,35.65812683105469,139.723876953125
K224,169,07:21,2.2,35.64678192138672,139.73501586914062
C205,169,07:22,2.5,35.646568298339844,139.7350616455078
V320,170,07:20,-0.1,35.628448486328125,139.74151611328125
K216,170,07:22,1.4,35.60834503173828,139.75845336914062
B712,170,07:22,5.5,35.60081100463867,139.76199340820312
M376,170,07:21,1.6,35.58538818359375,139.7660675048828
Z536,170,07:22,1.1,35.62093734741211,139.75363159179688
G836,170,07:21,4.9,35.59324645996094,139.7697296142578
V325,170,07:21,0.0,35.584381103515625,139.7642059326172
M372,170,07:21,5.0,35.62101745605469,139.7533416748047
F565,172,07:20,0.1,35.6063117980957,139.73513793945312
F569,172,07:20,2.6,35.60081100463867,139.76199340820312
M378,172,07:22,5.1,35.58538818359375,139.7660675048828
A575,173,07:21,-0.2,35.62885284423828,139.74119567871094
C201,173,07:19,0.0,35.62885284423828,139.74119567871094
G835,173,07:21,1.9,35.6312141418457,139.75401306152344
W415,173,07:22,4.1,35.62969970703125,139.7560577392578
H850,173,07:22,4.3,35.624603271484375,139.75624084472656
F564,173,07:21,2.9,35.628028869628906,139.75428771972656
W422,173,07:20,1.6,35.629024505615234,139.75767517089844
M374,173,07:21,2.8,35.63124084472656,139.75083923339844
G837,173,07:18,2.9,35.63140106201172,139.7481689453125
Z561,175,07:22,1.0,35.67134475708008,139.8756866455078
A639,175,07:22,6.5,35.65385818481445,139.8726348876953
L361,175,07:22,5.0,35.657691955566406,139.8725128173828
A644,175,07:21,5.9,35.678287506103516,139.87916564941406
E128,175,07:22,1.4,35.65074157714844,139.8720245361328
E503,175,07:21,4.0,35.671409606933594,139.8754425048828
F647,177,07:22,1.5,35.704776763916016,139.81448364257812
C274,176,07:21,8.8,35.671409606933594,139.8754425048828
B767,176,07:21,11.4,35.671409606933594,139.8754425048828
B771,176,07:22,0.1,35.646934509277344,139.85887145996094
E459,176,07:21,2.4,35.647979736328125,139.87158203125
L352,176,07:21,4.1,35.66115951538086,139.87277221679688
H982,176,07:22,3.4,35.66307067871094,139.87327575683594
M447,181,07:20,0.8,35.68067932128906,139.7648162841797
G711,181,07:21,0.3,35.66698455810547,139.77035522460938
K257,181,07:21,0.8,35.65674591064453,139.7805633544922
M446,181,07:22,0.2,35.635215759277344,139.78494262695312
M450,181,07:20,0.1,35.641029357910156,139.79449462890625
G175,181,07:21,1.7,35.66046142578125,139.7763214111328
K260,181,07:20,1.1,35.67056655883789,139.76568603515625
A667,184,07:22,0.0,35.64735794067383,139.7727813720703
D106,184,07:20,1.9,35.650936126708984,139.77503967285156
H986,184,07:21,0.4,35.65863800048828,139.77816772460938
A668,184,07:21,3.5,35.6649284362793,139.7720489501953
B781,184,07:20,1.7,35.67056655883789,139.76568603515625
A670,184,07:22,-0.4,35.67323303222656,139.7624053955078
A671,184,07:22,0.1,35.670623779296875,139.7660369873047
A669,184,07:22,0.1,35.660614013671875,139.77658081054688
G713,184,07:21,0.1,35.65674591064453,139.7805633544922
A666,184,07:22,4.0,35.65057373046875,139.77513122558594
E394,185,07:21,-0.0,35.69718933105469,139.7071990966797
E397,185,07:21,3.3,35.72331237792969,139.711669921875
D907,191,07:21,2.5,35.66304397583008,139.8079833984375
Z534,195,07:22,1.4,35.71867752075195,139.80198669433594
G776,195,07:21,1.9,35.69491958618164,139.783203125
F646,195,07:22,0.2,35.729347229003906,139.79942321777344
A634,195,07:21,2.7,35.71388626098633,139.80087280273438
G772,195,07:21,0.1,35.72593688964844,139.8008575439453
D902,196,07:18,6.8,35.77391815185547,139.76565551757812
Z505,198,07:21,1.0,35.708187103271484,139.77197265625
A614,198,07:20,0.5,35.708194732666016,139.7694091796875
G804,199,07:20,0.8,35.70033264160156,139.7645263671875
E404,280,07:19,2.7,35.77228546142578,139.3424835205078
E408,280,07:22,2.5,35.73039245605469,139.4616241455078
E413,280,07:21,-0.1,35.7542724609375,139.39710998535156
E409,280,07:22,3.1,35.7639045715332,139.3650360107422
E407,280,07:22,6.4,35.78658676147461,139.30567932128906
H881,280,07:21,0.6,35.79013442993164,139.27513122558594
E406,280,07:22,3.3,35.744293212890625,139.4293670654297
B731,280,07:20,11.5,35.7304801940918,139.4615020751953
E412,280,07:22,3.1,35.741302490234375,139.43099975585938
H878,281,07:22,1.3,35.789772033691406,139.2655029296875
H883,281,07:22,0.2,35.815818786621094,139.27073669433594
B730,281,07:21,1.1,35.80985641479492,139.2593994140625
B733,285,07:21,0.4,35.78483963012695,139.22525024414062
E405,285,07:21,0.8,35.790367126464844,139.22059631347656
H875,286,07:21,0.5,35.79261016845703,139.28689575195312
